<?xml version="1.0" encoding="UTF-8"?>
<project-private xmlns="http://www.netbeans.org/ns/project-private/1">
    <editor-bookmarks xmlns="http://www.netbeans.org/ns/editor-bookmarks/2" lastBookmarkId="0"/>
    <open-files xmlns="http://www.netbeans.org/ns/projectui-open-files/2">
        <group>
            <file>file:/home/luisvaldivieso/Documentos/practicas_pdoo/Irrgarten/src/irrgarten/Dice.java</file>
            <file>file:/home/luisvaldivieso/Documentos/practicas_pdoo/Irrgarten/src/irrgarten/Labyrinth.java</file>
            <file>file:/home/luisvaldivieso/Documentos/practicas_pdoo/Irrgarten/src/irrgarten/Player.java</file>
            <file>file:/home/luisvaldivieso/Documentos/practicas_pdoo/Irrgarten/src/irrgarten/Game.java</file>
            <file>file:/home/luisvaldivieso/Documentos/practicas_pdoo/Irrgarten/src/irrgarten/main/GamePlay.java</file>
            <file>file:/home/luisvaldivieso/Documentos/practicas_pdoo/Irrgarten/src/irrgarten/controller/Controller.java</file>
            <file>file:/home/luisvaldivieso/Documentos/practicas_pdoo/Irrgarten/src/irrgarten/UI/TextUI.java</file>
            <file>file:/home/luisvaldivieso/Documentos/practicas_pdoo/Irrgarten/src/irrgarten/GameState.java</file>
        </group>
    </open-files>
</project-private>
